<?xml version="1.0" encoding="UTF-8" standalone="yes"?>
<addon id="repository.notlot" name="notlot Repository" version="1.0" provider-name="notlot">
    <extension point="xbmc.addon.repository" name="notlot Repository">
        <dir>
            <info compressed="false">https://raw.githubusercontent.com/notlot/repository.notlot/master/repo/zips/addons.xml</info>
            <checksum>https://raw.githubusercontent.com/notlot/repository.notlot/master/repo/zips/addons.xml.md5</checksum>
            <datadir zip="true">https://raw.githubusercontent.com/notlot/repository.notlot/master/repo/zips/</datadir>
        </dir>
    </extension>
    <extension point="xbmc.addon.metadata">
        <summary>notlot Repository</summary>
        <description>wtf am i doing with this description?</description>
        <disclaimer></disclaimer>
        <platform>all</platform>
        <assets>
            <icon>icon.png</icon>
            <fanart>fanart.jpg</fanart>
        </assets>
    </extension>
</addon>
